Height,Sex,Weight
165.65,Female,35.41
148.53,Female,74.45
167.04,Male,81.22
161.54,Male,71.47
174.31,Male,78.18
143.05,Female,79.27
149.16,Female,63.71
155.8,Female,86.01
145.37,Female,88.33
162.56,Male,87.36
163.84,Male,78.58
172.73,Male,88.08
142.03,Female,56.3
150.17,Female,53.46
188.62,Male,60.95
184.62,Male,72.51
168.43,Male,86.8
171.19,Male,54.12
137.1,Female,73.36
149.42,Female,69.2
147.33,Female,56.01
175.14,Male,107.25
168.04,Male,92.24
158.54,Male,64.44
138.9,Female,68.75
129.27,Female,58.43
173.64,Female,59.52
175.26,Male,62.65
180.09,Male,44.07
144.58,Female,83.36
178.76,Male,66.12
151.53,Male,91.02
168.55,Male,80.2
160.86,Male,63.68
183.83,Male,62.75
179.27,Male,50.04
158.89,Male,60.49
124.37,Female,74.57
140.42,Female,54.64
155.06,Male,84.34
166.62,Male,75.18
172.96,Male,78.39
174.34,Male,84.76
165.09,Female,83.54
138.09,Female,63.06
141.31,Female,52.13
162.63,Male,65.25
178.49,Male,73.67
165.95,Male,52.42
156.92,Female,54.45
135.28,Female,63.91
145.79,Female,68.34
153.9,Male,77.5
171.09,Male,87.8
142.89,Female,73.04
159.81,Female,61.4
130.32,Female,52.81
162.79,Male,94.37
202.67,Male,110.01
171.81,Male,82.74
164.36,Male,70.33
166.39,Male,43.02
135.27,Female,54.87
146.8,Female,57.93
147.48,Male,73.7
161.79,Male,43.37
173.46,Male,98.82
162.64,Male,63.9
185.85,Male,75.22
133.58,Female,63.28
174.4,Male,80.63
169,Male,72.22
165.7,Male,59.89
163.96,Male,78.33
179,Male,61.11
165.85,Female,53.76
155.24,Female,80.46
159.07,Female,71.68
147.64,Female,62.48
156.37,Female,86.07
168.14,Male,88.04
156.84,Male,83.14
187.53,Male,78.35
190.75,Male,71.14
174.11,Male,88.22
154.95,Female,73.53
175.71,Male,64.29
159.27,Female,70.23
149.4,Female,63.92
181.4,Male,65.29
169.6,Male,60.53
162.59,Male,111.01
177.99,Male,66
147.03,Female,74.86
155.17,Female,56.83
158.12,Female,58.54
153.5,Female,58.89
153.12,Male,76.97
161,Male,72.74
175.14,Male,78.87
154.3,Female,80.71
150.76,Female,81.39
189.32,Male,102.21
170.51,Male,94.81
190.74,Male,76.88
146.94,Female,46.75
148.43,Female,44.27
147.31,Female,64.52
141.6,Female,82.94
172.54,Male,76.4
165.25,Male,71.07
183.89,Male,102.83
140.75,Female,52.53
151.89,Female,75.1
139.26,Female,57.12
171.68,Female,41.78
184.74,Male,63.43
159.67,Male,39.85
136.21,Female,60.32
143.93,Female,46.96
176.67,Male,75.08
163.07,Male,81.95
140.94,Female,61.15
138.44,Female,72.88
137.87,Female,66.45
161.59,Female,48.1
143.24,Female,56.04
153.84,Male,81.33
175.94,Male,67.79
170.48,Male,89.69
182.99,Male,52.7
151.8,Male,57.08
171.97,Female,50.98
159.09,Female,61.95
153.81,Male,86.79
163.31,Male,59.42
168.75,Male,108.43
158.8,Male,36.87
176.33,Male,91.3
164.22,Male,94.48
179.14,Male,83.67
154.26,Male,81.67
153.82,Female,58.05
156.08,Female,39.52
157.08,Female,39.56
154.24,Female,65.25
161.01,Male,57.95
145.98,Female,62.41
149.75,Female,65.69
131.1,Female,48.25
153.05,Female,45.56
172.37,Female,97.62
146.16,Female,55.88
155.3,Female,69.28
161.26,Female,59.2
184.6,Male,79.95
174.7,Male,91.61
152.33,Male,65.35
140.53,Female,68.34
151.09,Female,72.36
183.01,Male,62.01
181.12,Male,75.36
169.18,Male,46.52
187.52,Male,75.56
148.51,Female,60.02
169.08,Female,80.27
110.81,Female,80.53
141.09,Female,37.78
157.8,Female,52.59
132.22,Female,74.22
182.56,Female,41.93
169.11,Male,65.72
158.21,Male,63.66
172.73,Male,93.31
177.5,Male,64.77
158.79,Female,68.02
152.65,Female,69.14
185.58,Male,64.29
146.41,Female,75.92
160.85,Female,58.64
153.66,Female,59.28
126.92,Female,66.71
163.05,Male,53.67
184.15,Male,59.24
146.01,Female,54.24
156.5,Female,54.68
187.96,Male,64.63
155.18,Female,67.45
143.41,Female,65.98
179.58,Male,87.84
184,Male,62.46
186.31,Male,67.29
185.85,Male,80.42
170.72,Male,58.94
140.86,Female,58.8
140.3,Female,55.31
143.47,Female,58.03
146.13,Male,58.46
173.27,Male,92.95
158.03,Female,71.42
159.95,Male,57.91
169.88,Male,97.47
152.08,Male,77.75
178,Male,76.26
142.37,Female,57.97
158.06,Female,61.7
171.2,Male,69.52
173.91,Male,86.33
164.75,Male,73.36
131.18,Female,78.22
146.41,Female,70.16
142.98,Female,49.72
154.81,Female,87.17
135.19,Female,54.28
177.56,Male,58.18
135.67,Female,75.47
152.16,Female,69.69
175.17,Male,70.73
179.54,Male,64.94
166.9,Male,87.86
181.71,Male,85.89
143.75,Female,68.4
145.65,Female,48.34
146.47,Female,53.41
144.85,Female,71.17
158.77,Male,80.93
183.28,Male,73.21
149.47,Female,76.71
149.86,Female,43.75
142.25,Female,64.26
174.77,Male,75.83
168.92,Male,60.85
146.09,Female,81.58
129.07,Female,62.75
157.75,Female,67.06
179.77,Male,100.86
166.64,Male,75
176.85,Male,94.72
177.26,Male,75.32
162.92,Male,68.25
134.49,Female,70.15
154.64,Female,84.86
157.19,Female,59.4
163.08,Male,72.81
153.35,Female,71.34
156.75,Male,78.53
176.93,Male,58.26
168.36,Male,44.6
160.58,Male,76.69
153.54,Female,48.62
173.22,Female,60.05
169.35,Female,29.48
169.98,Male,54.58
173.67,Male,83.75
159.18,Male,63.56
150.21,Female,63.15
145.25,Female,57.86
165.26,Female,62.84
144.22,Female,40.09
167.08,Female,43.74
151.54,Female,64.58
151,Female,58.31
169.78,Male,92.55
171.48,Male,40.97
170.06,Male,64.39
156.45,Male,79.48
178.37,Male,89.41
164.6,Female,66.9
156.93,Female,72.25
179.43,Male,101.72
148.56,Male,88.7
158.22,Male,101.08
146.44,Female,48.99
150.67,Female,58.18
141.97,Female,33.68
133.53,Female,58.18
156.53,Male,58.97
175.22,Male,78.74
170.04,Male,64.46
170.48,Male,99.23
167.44,Male,63.57
182.78,Male,74.66
153.69,Female,44.64
153.16,Female,39
153.21,Female,51.57
176.83,Male,74.99
173.51,Male,81.52
164.56,Male,90.58
152.94,Male,76.49
144.32,Female,57.76
161.08,Female,57.67
160.09,Female,66.63
152.61,Female,52.5
190.99,Male,73.92
174.22,Male,81.02
169.95,Male,99.77
175.99,Male,86.24
177.47,Male,104.04
177.29,Male,65.14
146.52,Female,60.22
148.4,Female,52.44
160.24,Female,57.51
166.54,Male,69.98
167.28,Male,82.38
177.36,Male,66.09
148.54,Female,92.81
125.81,Female,76.33
146.15,Female,59.21
142.74,Female,74.35
134.98,Female,51.96
164.7,Male,63.32
157.07,Male,61.64
161.74,Male,76.15
153.11,Female,81.39
167.43,Female,55.59
174.61,Male,99.74
168.45,Male,96.57
179.37,Male,84.29
178.5,Male,90.38
160.86,Male,82.68
139.55,Female,70.5
164.1,Female,71.74
135.02,Female,67.43
139.03,Female,71.68
138.17,Female,48.11
172.69,Male,47.27
151.25,Male,85.99
157.14,Male,98.12
154.47,Female,65.7
149.21,Female,91.41
173.12,Female,58.35
149.27,Female,62.62
154.04,Female,54.61
168.04,Male,71.9
176.36,Male,95.94
165.27,Male,58.08
184.18,Male,63.08
156.65,Female,64.97
148.33,Female,65.21
156.7,Female,67.25
200.42,Male,92.09
148.56,Male,81.62
165.59,Male,33.18
158.91,Female,67.66
156.35,Female,57.66
161.06,Female,52.13
159.08,Female,70.6
157.87,Female,85.82
178.2,Male,71.57
179.05,Male,90.25
175.28,Male,57.98
171.21,Male,74.94
176.12,Male,69.91
155.43,Male,97.98
155.9,Male,61.72
147.82,Female,54.45
134.01,Female,65.26
141.45,Female,62.94
131.12,Female,62.81
140.01,Female,84.12
150.52,Female,74.49
158.61,Male,88.82
163.3,Male,104.58
140.79,Male,62.45
176,Male,98.52
159.88,Female,75.61
175.4,Male,76.57
160.34,Male,76.06
190.94,Male,55.79
167.89,Male,88.86
177.36,Male,73.7
168.78,Male,68.27
171.76,Male,90.23
141.4,Female,68.61
137.42,Female,53.22
161.96,Female,70.54
165.13,Male,55.05
171.13,Male,77.79
158.79,Female,66.75
157.47,Female,62.17
155.13,Female,51.06
162.11,Female,56.35
157.3,Female,58.24
139.14,Female,51.78
175.67,Male,71.64
173.34,Male,72.93
145.49,Female,43.44
156.48,Female,64
146.23,Female,81.8
132.76,Female,66.2
142.25,Female,83.66
178.77,Male,65.28
165.1,Male,47.33
166.56,Male,62.39
163.21,Male,87.84
143.55,Male,88
141.05,Female,66.76
137.27,Female,60.2
161.47,Male,67.03
179.57,Male,80.47
177.22,Male,63.66
153.93,Male,72.61
160.53,Female,63.31
148.88,Female,81.01
164.37,Female,71.42
175.62,Male,83.99
178.62,Male,80.94
174.33,Male,91.15
180.87,Male,75.98
152.29,Female,49.65
151.43,Female,62.83
152.28,Female,77.08
154.66,Female,48.5
158.65,Female,80.3
139.12,Female,57.1
157.23,Male,69.38
155.66,Female,68.18
144.51,Female,72.26
147.57,Female,64.44
139.96,Female,71
143.17,Female,81.15
144.28,Female,59.36
169.95,Male,81.65
179.4,Male,89.32
178.54,Male,75.1
144.06,Female,81.77
137.69,Female,60.13
158.6,Female,64.21
156.95,Male,80.99
200.45,Male,98.51
167.42,Male,63.36
157.52,Female,62.54
158.89,Female,65.87
172.14,Female,95.25
148.35,Male,70.62
169.72,Male,71.49
153.64,Male,70.97
156.82,Male,61.65
171.01,Male,100.84
186.56,Male,72.53
154.46,Female,43.66
149.23,Female,62.44
159.53,Female,52.87
149.31,Female,76.89
150.38,Female,54.96
144.03,Female,60.84
172.25,Female,55.1
166.83,Male,86.57
146.97,Male,74.75
152.16,Male,85.93
146.02,Female,43.19
150.02,Female,59.61
162.93,Male,88.16
164.99,Male,93.5
182.54,Male,91.86
147.14,Female,45.38
167.13,Male,56.11
162.45,Male,64.92
181.2,Male,22.4
164.56,Male,51.84
175.5,Male,64.03
160.82,Female,50.22
154.26,Female,70.04
180.82,Male,98.12
174.52,Male,93.17
175.03,Male,58.02
182.38,Male,74.65
144.68,Female,47.65
157.93,Female,47.64
157.05,Female,70.48
149.59,Female,61.75
176.79,Male,71.89
163.76,Male,75.8
171.1,Female,69.22
126.97,Female,67
170.17,Male,80.69
160.86,Male,58.8
134.74,Female,70.74
162.13,Female,59.92
132.1,Female,54.17
134.44,Female,25.5
122.5,Female,45.81
137.74,Female,64.94
166.3,Male,67.96
154.05,Female,68.43
158.69,Male,72.18
163.26,Male,60.35
163.23,Male,48.66
164.57,Male,92.37
188.35,Male,74.13
173.27,Male,80.98
159.88,Female,53.42
165.01,Female,62.52
160.78,Female,81.59
147.37,Female,48.37
177.71,Male,70.76
164.29,Male,63.88
171.62,Male,57.53
183.78,Male,79.9
170.37,Male,78.66
153.69,Female,67.01
145.97,Female,60.17
137.34,Female,60.01
146.9,Female,60.19
166.05,Female,58.08
185.04,Male,83.9
138.42,Female,56.33
160.21,Male,60.27
176.58,Male,91.75
164.82,Male,46.78
142.81,Female,60.23
154.99,Female,60.83
155.62,Female,53.7
141.28,Female,41.34
124.8,Female,55.6
179.55,Male,65.47
170.37,Male,80.14
147.09,Male,59.4
175.47,Male,92.24
179.51,Male,71.78
184.66,Male,71.12
150,Female,61.61
153.14,Female,56.27
145.27,Female,64.31
146.44,Female,39.18
169.23,Male,62.52
149.29,Female,54.02
160.7,Female,68.59
169.22,Male,62.08
178.54,Male,77.47
153,Male,71.48
165.7,Male,72.21
138.86,Female,77.1
135.57,Female,49.18
158.27,Male,68.5
180.53,Male,100.69
148.59,Male,96.66
164.62,Male,62.73
171.69,Male,65.18
155.38,Female,56.2
163.92,Female,68.82
143.58,Female,61.51
163.96,Female,64.89
157.96,Male,63.22
150.3,Female,68.85
166.37,Female,50.55
170.68,Male,84.27
173.55,Male,90.62
145.88,Female,64.07
147.93,Female,71.29
147.96,Female,43.76
160.24,Male,91.12
185.94,Male,70.24
175.12,Male,83
182.02,Male,67
172.24,Male,86.04
165.88,Male,69.86
136.21,Female,76.65
148.08,Female,49.96
159.9,Female,46.36
176.97,Male,81.72
169.88,Male,87.5
180.63,Male,92.13
169.99,Male,64.93
166.02,Female,51.23
146.32,Female,64.31
163.08,Male,115.18
179.05,Male,71.73
154.43,Female,72.23
151.3,Female,68.12
153.41,Female,46.39
154.97,Female,70.42
144.32,Female,42.22
163.65,Male,91.44
174.61,Male,62.65
172.6,Male,107.18
157.52,Male,49.18
133.11,Female,47.9
126.64,Female,62.6
140.07,Female,57.88
174.88,Male,73.12
161.43,Female,60.27
190.23,Male,75.1
177.11,Male,80.56
170.65,Male,47.03
151.32,Female,59.83
162.43,Male,92.97
173.52,Male,66.44
146.89,Female,45.56
147.41,Female,78.43
164.81,Male,90.42
161.95,Female,55.73
3050,Female,39.16
177.41,Male,76.17
174.52,Male,85.34
163.66,Male,71.15
181.62,Male,73.81
153.47,Female,64.68
154.53,Female,80.57
157.17,Female,53.26
131.38,Female,68.44
161.07,Female,31.75
167.87,Male,69.69
173.34,Male,59.42
173.28,Male,98.7
165.68,Male,46.3
153.33,Male,73.61
151.58,Female,38.47
171.97,Female,42.83
134.92,Female,39.84
150.8,Female,71.5
132.54,Female,60.02
160.86,Male,93.33
171.87,Male,101.19
142.3,Female,60.44
164.88,Female,50.62
167.53,Female,45.83
126.23,Female,54.74
169.76,Male,57.93
170.41,Male,95.04
173.6,Male,66.58
148.7,Female,66.33
141.16,Female,68.23
140.48,Female,45.18
168.46,Female,37.38
155.98,Male,74.85
135.67,Female,59.73
138.57,Female,66.35
161.53,Female,58.2
164.95,Male,59.01
134.36,Female,63.06
152.38,Female,50.98
189.78,Male,65
182.59,Male,69.32
172.7,Male,80.48
146.7,Male,87.72
154.77,Male,73.45
151.98,Female,78.55
144.22,Female,77.71
131.81,Female,68.16
174.6,Male,55.84
176.06,Male,60.2
177.54,Male,87.38
161.42,Female,67.31
163.98,Female,60.56
151.45,Female,71.6
166.56,Female,91.67
164.23,Female,47.14
131.93,Female,71.16
179.46,Male,91.73
174.11,Male,75.87
161.52,Male,101.57
154.74,Female,64.53
147.49,Female,51.36
154.2,Female,73.94
192.72,Male,61.43
183.98,Male,87.37
172.4,Male,69.83
183.34,Male,62.63
166.79,Male,102.45
174.91,Male,69.23
145.86,Female,43.67
160.13,Female,65.9
170.25,Male,81.59
158.07,Male,88.2
186.2,Male,71.22
179.16,Male,89.29
168.69,Female,84
134.61,Female,71.45
169.49,Female,65.55
160.21,Female,90.34
159.3,Male,75.94
176.63,Male,92.94
172.77,Male,76.16
132.89,Female,88.32
141.82,Female,60.46
150.01,Female,73.75
171.6,Female,72.51
155.12,Female,71.19
151.28,Female,62.58
164.6,Male,72.1
157.03,Female,50.46
124.91,Female,75.96
144.02,Female,76.88
175.61,Male,81.23
181.14,Male,83.77
190.65,Male,42.22
195.93,Male,83.22
167.02,Male,78.84
148.6,Female,68.19
133.25,Female,70.23
140.72,Female,59.4
178.8,Male,68.24
198.57,Male,65.99
166.09,Male,80.55
174.26,Male,90.37
173.85,Male,74.65
157.48,Female,62.53
147.33,Female,59.92
163.5,Male,71.14
177.37,Male,101.32
155.81,Male,98.82
136.76,Female,75.84
140.89,Female,72.76
161.79,Female,47.18
166.94,Female,51.87
138.65,Female,44.33
147,Female,60.43
121.75,Female,50.61
176.91,Male,48.75
147.31,Female,51.34
140.68,Female,52.76
153.94,Female,61.44
177.71,Male,92.83
162.39,Male,86.02
173.68,Male,52.16
164.48,Male,61.84
171,Male,58.34
130.13,Female,69.34
143.26,Female,47.53
154.87,Female,61.88
166.1,Female,60.15
171.18,Male,100.8
170.16,Male,85.54
165.23,Male,107.34
160.85,Male,92.69
144.55,Female,46.61
142.43,Female,47.02
139.9,Female,61.12
177.43,Female,74.79
177.56,Male,102.18
180.87,Male,61.17
161.46,Male,71.89
148.55,Female,72.56
153.92,Female,52.42
172.06,Male,53.22
138.06,Female,66.99
133.16,Female,66.54
168.64,Male,57.37
175.89,Male,58.92
173.5,Male,53.69
150.12,Female,53.73
142.66,Female,67.18
157.56,Male,72.8
173.68,Male,60.49
171.2,Male,57.19
168.1,Female,67.26
157.05,Female,78.64
141.93,Female,52.43
130.47,Female,58.36
154.09,Male,95.19
156.01,Male,58.8
152.75,Female,63.42
166.3,Female,40.6
156.71,Male,79.21
157.59,Male,83.35
164.67,Male,65.84
161.81,Male,107.86
169.53,Male,76.65
160.07,Male,92.95
163.9,Male,94.31
169.66,Male,84.91
143.11,Female,66.5
152.13,Female,91.14
150.48,Female,42.84
129.27,Female,62.56
184.96,Male,76.42
133.28,Female,58.86
143.31,Female,55.55
158.4,Female,59.91
147.23,Female,62.32
146.34,Female,66.85
182.59,Male,73.82
158.51,Male,88.8
150.88,Female,57.51
148.83,Female,64.8
141.97,Female,45.79
183.26,Male,65.49
165.14,Male,72.21
173.24,Male,62.2
147.77,Female,58.55
140.66,Female,61.48
146.38,Female,72.48
159.41,Male,92.46
173.01,Male,70.89
154.76,Male,71.94
167.9,Male,90.43
195.43,Male,54.14
141.67,Female,53.84
153.08,Female,68.79
170.64,Female,40.04
163.7,Male,81.28
173.91,Male,74.05
169.88,Male,55.65
166.64,Male,76.18
176.55,Male,62.91
170.74,Male,73.57
133.99,Female,76.03
148.75,Female,64.81
157.9,Female,55.95
138.25,Female,85.08
168.93,Male,91.94
170.88,Male,77.04
182.72,Male,37.86
170.45,Female,50.43
136.33,Female,61.3
159.97,Female,61.43
138.63,Female,46.62
145.42,Female,77.48
196.92,Male,73.52
185.12,Male,85.64
155.79,Male,95.75
164.55,Female,75.11
127.66,Female,69.19
152.7,Female,82.01
165.81,Female,73.9
165.23,Male,93.13
156.36,Female,59.87
147.69,Female,50.67
175.14,Male,62.09
179.75,Male,82.28
155.58,Female,66.76
160.52,Female,57.69
165.23,Male,84.89
154.24,Male,95.82
168.56,Male,89.04
155.78,Female,62.58
148.62,Female,56
177.58,Male,100.98
169.5,Male,74.49
166.73,Female,65.6
156.61,Female,50.45
150.13,Female,45.93
163.03,Male,60.35
185.51,Male,69.54
157.28,Female,66.61
135.63,Female,69.24
170.41,Male,59.26
175.55,Male,75.15
162.34,Male,92.47
142.41,Female,83.04
149.58,Female,58.35
178.31,Female,75.6
176.1,Male,58.03
176.99,Male,96.46
149.9,Female,72.59
151.82,Female,66.71
160.27,Male,63.81
173.36,Male,111.46
153.41,Female,92.82
132.54,Female,82.2
138.41,Female,82.64
152.8,Female,74.06
153.19,Female,66.45
165.61,Male,62.75
166.02,Male,57.89
144.66,Female,74.64
154.89,Male,53.13
138.79,Female,73.7
147.17,Female,44.4
139.98,Female,72.07
168.94,Male,65.94
185.76,Male,59.77
181.77,Male,76.22
145.38,Female,43.23
138,Female,56.05
148.52,Female,71.46
136.94,Female,63.82
155.51,Female,52.66
163.52,Male,98.6
165.05,Male,67.55
151.44,Female,67.02
160.65,Male,61.94
165.91,Male,71.32
192.09,Male,77.12
167.44,Male,96.51
155,Female,38.47
131.55,Female,81.07
143.11,Female,68.33
136.36,Female,53.33
164.99,Male,95.6
165.37,Male,75.82
176.6,Male,73.92
190.42,Male,61.75
172.78,Male,80.29
156.9,Male,93.7
152.3,Female,60.04
154.27,Female,59.91
135.47,Female,63.38
146.14,Female,44.75
146.45,Female,52.48
186.19,Male,88.46
176.3,Male,76.05
164.6,Male,61.13
150.65,Male,64.01
154.76,Female,59.05
141.44,Female,58.5
165.4,Female,72.16
146.93,Female,61.71
153.12,Female,59.95
139.67,Female,88.07
161.37,Male,67.24
186.81,Male,76.12
172.54,Male,95.96
186.45,Male,72.12
161.45,Female,64.82
171.08,Male,103.63
158.36,Male,49.88
174.39,Male,76.6
168.88,Male,77.36
142.5,Female,52.33
144.94,Female,66.88
161.99,Female,47.6
149.57,Female,58.53
184.19,Male,56.6
154.8,Male,88.64
171.55,Male,107.01
139.15,Female,79.05
136.97,Female,61.66
137.43,Female,68.45
172.55,Male,63.26
160.99,Male,83.19
185.31,Male,42.54
175.49,Male,54.7
164.33,Male,67.53
115.94,Female,74.86
143.59,Female,44.33
173.29,Male,86.39
170.73,Male,38.61
166.78,Male,65.07
170.31,Male,91.63
152.99,Female,52.2
146.73,Female,36.78
151.3,Female,50.59
157.45,Female,58.71
169.03,Male,47.67
164.48,Male,79.26
170.97,Male,83.98
170.38,Male,67.19
176.37,Male,53.91
175.97,Female,65.4
148.76,Female,58.97
162.47,Female,48.24
147.87,Female,76.61
158.31,Female,50.54
189.83,Male,97.51
182.74,Male,79.43
153.97,Female,40.04
178.98,Male,90.59
167.24,Male,81.14
169.17,Male,89.97
170.19,Male,66.54
161.83,Female,76.71
158.23,Female,66.27
153.68,Female,79.72
135.7,Female,59.54
179.88,Male,76.72
162.83,Male,79.34
190.08,Male,78.25
166.33,Male,60.4
153.75,Female,39.29
153.16,Female,35.72
129.48,Female,55.69
136.89,Female,59.48
142.06,Female,60.65
144,Female,61.69
191.22,Male,107.33
171.17,Male,74.57
166.14,Male,83.96
153.37,Female,77.94
144.97,Female,65.45
130.59,Female,56.75
168.59,Male,91.54
170.08,Male,81.62
161.04,Male,102.7
143.02,Female,56.25
154.7,Female,54.05
151.3,Female,75.07
160.4,Female,44.63
162.33,Male,44.66
163.72,Male,66.02
186.24,Male,83.87
160.9,Male,107.24
194.12,Male,62.71
148.2,Female,53.85
144.52,Female,63.54
164.36,Female,79.95
151.77,Female,53.05
175.41,Male,63.02
171.64,Male,52.37
186.57,Male,52.71
172.06,Male,60.83
135.23,Female,56.52
156.31,Female,51.61
176.33,Female,49.43
156.1,Male,66.25
173.9,Male,76.01
158.94,Male,81.61
147.41,Female,61.91
150.52,Female,59.49
168.62,Male,82.83
173.12,Male,78.02
145.94,Female,55.83
157.96,Female,56.74
150.77,Female,51.14
152.26,Female,61.6
149.69,Female,55.3
153.66,Female,76.01
163.33,Female,63.26
155.2,Female,63.69
152.98,Female,85.11
157.16,Female,59.08
153.83,Female,39.29
159.67,Female,55.78
151.37,Female,58.45
152.78,Female,61.6
149.86,Female,71.7
171.64,Male,67.38
171.6,Male,89.63
167.81,Male,71.16
157.41,Male,75.03
174.86,Male,35.64
150.08,Female,57.51
172.46,Male,79.9
178.35,Male,71.66
160.99,Male,78.77
168.22,Male,87.75
172.27,Male,95.49
156.51,Male,59.47
193.03,Male,55.75
168.94,Female,64.92
141.32,Female,57.4
166.25,Male,77.28
185.23,Male,48.79
134.78,Female,66.86
158.57,Female,52.22
159.83,Female,69.86
145.36,Female,56.85
146.89,Female,75.39
157.46,Male,79.06
174.27,Male,85.69
172.55,Male,90.72
152.02,Female,56.25
170.83,Female,63.47
163.25,Female,46.81
161.54,Male,89.86
185.05,Male,76.95
144.51,Female,58.5
143.11,Female,68.92
150.52,Female,62.86
176.69,Male,84.85
151.97,Male,98.4
165.39,Male,101.03
169.32,Male,47.43
129.04,Female,78.03
160.95,Female,75.9
154.64,Male,79.92
154.55,Female,85.72
125.27,Female,75.05
141.54,Female,49.79
162.5,Female,39.29
133.99,Female,68.01
141.73,Female,40.46
173.44,Male,95.32
194.23,Male,57.07
153.99,Female,63.46
157.14,Female,70.24
188.02,Male,70.28
163.21,Male,69.2
189.08,Male,60.31
152.59,Female,80.71
159.62,Female,67.48
143.25,Female,64.36
167.63,Female,81.05
159.51,Male,102.62
156.89,Male,78.02
155.68,Male,87.51
147.18,Female,69.32
139.85,Female,79.4
172.45,Male,75.81
167.19,Male,66.76
160.29,Male,79.32
167.7,Female,59.64
159.31,Female,69.47
147.56,Female,44.2
173.35,Male,58.26
171.98,Female,61.03
149.66,Female,63.18
143.05,Female,56.83
158.77,Male,69.42
180.92,Male,73.04
179.12,Male,41.24
151.33,Female,50.93
173.93,Female,65.32
153.73,Female,46.52
170.33,Male,64.48
184.69,Male,82.08
178.03,Male,75.52
165.57,Female,65.12
146.15,Female,73.85
146.44,Female,48.92
168.22,Female,51.34
169.97,Male,86.57
161.38,Male,87.24
143.11,Female,74.01
151.03,Female,50.18
159.89,Female,65.86
167.54,Male,62.77
191.73,Male,64.6
162.53,Female,58.5
167.74,Female,60.71
160.88,Female,77.8
127.3,Female,49.13
169.5,Male,63.47
164.72,Male,53.13
152.62,Female,53.17
141.75,Female,65.41
175.31,Female,54.45
175.09,Male,71.39
164.73,Female,64.46
145.06,Female,67.56
148.21,Female,50.97
166.39,Male,121.98
170.01,Male,61.17
177.82,Male,52.37
155.21,Male,63.03
163.24,Male,60.13
147.23,Female,80.2
151.11,Female,42.27
128.89,Female,60.18
152.34,Female,50.74
184.09,Male,92.51
172.38,Male,78.8
168.75,Male,91.74
170.4,Male,83.71
142.56,Female,52.48
164.21,Female,62.54
157.52,Female,45.13
167.58,Female,79.42
150.38,Female,49.15
187.92,Male,75.85
187.83,Male,102.41
140.69,Female,58.12
167.64,Female,52.05
142.32,Female,55.19
188.07,Male,77.35
178.93,Male,70.57
172.72,Male,35.32
184.71,Male,84.39
155.17,Male,89.21
187.9,Male,88.32
154.21,Female,41.44
157.24,Female,58.14
143.63,Female,37.77
139.79,Female,61.68
137.93,Female,75.13
165.9,Female,62.56
165.34,Male,65.93
156.86,Female,61.34
167.77,Male,85.94
166.74,Male,40.36
159.2,Male,52.71
173.33,Male,64.14
177.14,Male,73.4
175.91,Male,48.81
149.14,Female,63.59
157.12,Female,69.36
157.7,Female,48.85
153.33,Female,66.82
169.91,Male,67.55
166.22,Male,76.68
171.77,Male,71.52
152.02,Female,45.92
157.87,Female,46.52
182.65,Male,79.41
161.87,Male,71.16
161,Male,73.67
175.25,Male,88.1
183.09,Male,85.6
193.8,Male,59.01
155.76,Female,71.53
192.23,Male,69.69
157.75,Female,57.92
152.69,Female,50.98
143.46,Female,45.75
170.22,Male,49.09
185.54,Male,64.78
169.59,Female,59.31
170.5,Female,52
179.79,Male,70.01
179.02,Male,96.5
171.82,Male,84.93
142.69,Female,63.84
175.17,Male,82.76
164.39,Male,54.68
171.39,Male,96.39
175.92,Male,82.46
179.06,Male,62.35
171.63,Male,102.02
152.96,Female,50.49
147.51,Female,58.1
175.29,Male,86.34
184.23,Male,88.52
161.87,Female,80.03
151.35,Female,35.47
156.15,Female,48.41
146.89,Female,42.76
151.32,Female,57.22
139.66,Female,48.29
178.04,Male,67.51
146.88,Male,78.39
164.81,Male,89.24
183.62,Male,78.57
184.12,Male,91.9
143.67,Female,79.15
172,Female,54.68
161.78,Female,56.91
154.76,Female,64.01
159.35,Female,47.31
162.55,Male,71.29
188.97,Male,73.52
182.8,Male,109.88
184.56,Male,37.57
146.34,Female,59.44
143.39,Female,69.27
156.1,Female,48.33
157.87,Female,50.89
164.89,Female,59.26
151.89,Female,43.19
158.67,Male,60.3
192.91,Male,76.13
167.96,Male,78.21
143.79,Female,60.21
167.58,Male,108.83
171.51,Male,89.66
160.82,Male,70.01
175.32,Male,92.43
156.76,Male,70.03
171.73,Male,52.17
155.54,Female,72.82
164.6,Female,73.3
179.52,Male,68.29
185.34,Male,56.26
173.93,Male,83.22
168.92,Male,68.24
147.89,Female,69.5
156.77,Female,47.79
150.56,Female,49.66
169.54,Female,74.02
146.66,Female,63.9
160.65,Male,24.14
164.89,Male,106.55
157.74,Male,95.91
147.84,Male,70.85
166.08,Male,80.18
160.73,Male,97.77
179.78,Male,115.05
152.52,Female,85.35
145.73,Female,59.41
145.99,Female,65.87
176.04,Male,73.03
160.65,Male,64.16
174.69,Male,89.17
160.02,Male,89.58
188.66,Male,66.89
167.48,Female,45.69
153.23,Female,55.09
160.12,Male,62.97
143.81,Male,73.38
168.33,Male,94.33
166.49,Male,76.26
117.23,Female,70.28
155.56,Female,72.59
153.75,Female,68.66
136.8,Female,51.98
173.54,Male,95.08
169.8,Male,85.9
161.77,Female,58.85
142.41,Female,56.22
166.62,Female,82.8
160.62,Female,70.77
168.61,Male,38.38
175.11,Male,81.72
167.98,Male,89.93
172.8,Male,79.67
164.2,Male,75.25
171.2,Female,42.74
150.91,Female,63.9
163.73,Male,80.91
174.34,Male,93.84
153.14,Female,69.41
163.31,Female,61.12
127.83,Female,61.19
183.43,Male,72.05
165.99,Male,74.58
168.06,Male,83.85
175.72,Female,63.38
154.84,Female,58.8
134.39,Female,63.09
121.82,Female,60.41
172.55,Male,85.25
176.29,Male,85.75
168.03,Male,84.89
165.61,Male,71.6
167.32,Female,60.76
150.93,Female,78.47
145.74,Female,56.78
167.34,Male,61.35
180.08,Male,71.44
173.09,Male,83.57
171.33,Male,66.13
164.28,Female,50.62
195,Male,78.64
158.25,Male,72.62
184.62,Male,68.2
179.91,Male,57.93
153.14,Female,59.62
158.25,Male,87.68
179.08,Male,97.79
185.37,Male,96.05
168.71,Male,49.19
164.33,Male,62.71
149.63,Female,78.91
137.23,Female,71.39
149.29,Female,72.1
179.37,Male,70.36
167.13,Male,64.58
193.76,Male,61.9
170.38,Male,85.5
174.04,Male,60.91
160.04,Male,56.86
135.7,Female,76.76
160.17,Male,63.73
177.9,Male,91.02
178.14,Male,84.07
156.06,Male,75.74
162.16,Female,61.8
137.82,Female,79.34
149.29,Female,65.29
155.72,Female,48.28
144.44,Female,59.99
153.08,Female,60.59
151.99,Female,72.22
137.32,Female,52.7
168.99,Male,88.59
174.3,Male,65.52
137.65,Female,63.39
153.29,Female,52.46
138.18,Female,68.91
143.87,Male,65.82
159.49,Male,74.99
169.98,Male,75.98
155.01,Female,50.65
149.6,Female,76.38
167.15,Male,76.77
182.59,Male,70.55
175.63,Male,75.14
156.38,Male,47.72
153.97,Female,75.77
163.36,Male,51.67
166.5,Male,54.24
141.65,Male,80.99
166.84,Male,47.71
131,Female,51.53
147.04,Female,47.17
149.09,Female,73.99
174.12,Male,85.09
159.35,Female,66.25
153.17,Female,67.96
177.24,Male,73.04
182.22,Male,44.16
186.85,Male,91.68
163.15,Male,73.22
145.34,Female,81.95
178.42,Male,87.06
171.39,Male,74.92
147.92,Female,72.56
135.55,Female,67.98
169.93,Female,53.93
141.19,Female,70.14
137,Female,45.14
129.84,Female,46.96
150.15,Male,30.53
190.04,Male,49.03
174.43,Male,96.62
181.21,Male,59.55
25.68,Female,58.99
146,Female,70.78
155.06,Female,52.71
177.15,Male,73.29
181.53,Male,60.14
161.67,Male,73.97
155.23,Male,85.44
182.88,Male,106.44
147.86,Female,51.29
154.49,Female,65.46
150.04,Male,85.21
155.54,Female,73.5
156.26,Female,69.33
149.73,Female,66.46
170.57,Female,65.73
145.77,Female,52.61
172,Female,76.66
178.86,Male,83.67
170.74,Male,90.28
178.1,Male,63.78
154.72,Female,59.09
135.8,Female,61.36
159.27,Male,112.28
194.12,Male,60.81
151.64,Female,37.06
141.79,Female,63.76
131.7,Female,78.36
167.94,Female,62.46
164.09,Female,51.3
153.91,Female,63.76
161.55,Female,49.18
162.04,Female,78.29
155.17,Female,68.16
146.47,Female,42.32
172.26,Male,41.07
171.05,Male,99.68
152.08,Female,56.88
179.16,Female,66.57
167.78,Male,52.76
173.78,Male,77.89
187.64,Male,58.31
179.29,Male,79.78
150.78,Female,67.35
134.21,Female,59.56
140.57,Female,59.6
173.63,Male,65.63
138.62,Female,76.74
168.64,Male,69.62
169.58,Male,68.77
187.08,Male,76.41
178.12,Male,70.81
181.72,Male,27.73
185.99,Male,99.17
194.32,Male,64.54
150.82,Female,37.65
145.08,Female,42.59
168.92,Male,95.59
168.51,Male,57.28
162.43,Male,77.24
146.67,Female,63.2
149.62,Female,50.48
146.28,Female,68.86
157.99,Male,90.49
175.96,Male,82.98
169.78,Male,88.67
144.35,Female,71.33
145.62,Female,69.02
170.91,Male,91.65
163.37,Male,44.12
158.36,Male,70.65
158.92,Female,50.47
148.03,Female,55.76
148.79,Female,62.35
177.54,Male,51.9
170.96,Male,83.22
185.36,Male,60.06
160.76,Male,63.44
160.25,Female,52.41
147.88,Female,62.95
157.41,Female,63.56
154.47,Female,45.89
149.38,Female,62.43
161.29,Male,58.77
137.07,Male,55
172.07,Male,69.9
138.35,Female,56.16
144.78,Female,48.98
145.92,Female,46.9
174.78,Female,52.74
170,Male,75.65
142.86,Female,54.83
161.04,Female,76.66
150.06,Female,64.25
153.97,Female,67.24
180.28,Male,92.56
179.63,Male,89.83
176.25,Male,76.66
172.54,Male,85.74
167.8,Male,93.25
136.1,Female,60.17
150.63,Female,71.46
154.85,Female,83.75
132.65,Female,59.31
158.45,Male,68.09
141.9,Female,54.58
139.74,Female,50.44
173.8,Male,83.78
195.35,Male,70.66
174.31,Male,64.81
187.06,Male,100.25
141.27,Female,79.56
154.27,Female,77.32
150.97,Female,79.39
161.27,Male,49.95
184.94,Male,85.58
168.92,Male,62.51
159.91,Female,79.16
142.27,Female,49.6
158.57,Female,42.54
171.72,Male,63.03
174.96,Male,45.23
157.19,Male,84.92
171.78,Male,83.87
185.27,Male,62.23
180.06,Male,95.79
162.98,Female,65.78
149.66,Female,70.26
153.64,Female,78.18
162.6,Female,56.4
136.8,Female,43.43
148.16,Female,50.68
174.16,Male,73.87
163.73,Male,74.76
184.48,Male,59.94
138.77,Female,46.12
152.06,Female,68.68
143.06,Female,69.29
156.79,Female,58.77
150.39,Female,66.86
142.17,Female,63.7
164.86,Male,87.15
197.7,Male,62.53
170.82,Male,81.1
135.05,Female,64.05
149.93,Female,60.47
149.71,Female,64.19
152.66,Female,69.53
167.04,Male,57.38
156.98,Male,85.05
173.43,Male,70.43
176.7,Male,69.71
163.22,Female,89.68
152.91,Female,55.36
141.65,Female,46.44
153.63,Female,64.35
195.21,Male,104.27
149.45,Female,60.96
163.25,Male,75.96
169.76,Male,51.22
170.81,Male,68.12
177.06,Male,64.08
170.04,Male,96.73
167.51,Male,42.33
178.05,Male,90.86
155.19,Female,60.31
159.96,Female,63.89
175.91,Female,109.83
165.8,Male,64.16
170.81,Male,62.4
165.44,Male,66.68
169.67,Male,65.47
173.86,Male,82.28
172.96,Male,78.83
154.62,Female,54.17
143.41,Female,68.53
160.51,Female,55.09
144.82,Female,64.9
138.13,Female,53
137.57,Female,87.31
171.83,Male,86.04
168.21,Male,76.22
161.16,Male,61.96
164.03,Male,86.06
156.84,Female,59.7
179.32,Male,53.95
148.14,Female,73.93
159,Female,69.2
157.12,Female,67.2
170.25,Male,50.15
174.05,Male,60.3
166.8,Male,63.13
164.82,Female,65.06
145.62,Female,74.49
164.67,Female,85.08
159.69,Male,79.28
160.22,Male,75.02
153.91,Male,71.08
186.59,Male,59.33
174.13,Male,59
184.16,Male,72.7
168.02,Male,59.88
176.15,Male,58.07
165.83,Male,81.22
144.97,Female,65.81
159.45,Female,59.82
173.87,Male,61.25
179.99,Male,61.19
188.67,Male,94.04
168.69,Male,79.16
182.62,Male,84.11
184.91,Male,94.5
146.52,Female,70.17
136.49,Female,86.13
154.99,Male,57.97
181.66,Male,95.3
179.85,Male,32.32
156.48,Female,66.71
144.92,Female,73.09
156.46,Female,76.51
137.17,Female,58.86
135.57,Female,69
173.55,Male,79.02
163.76,Male,54.7
180,Male,81.08
175.4,Male,89.12
141,Female,44.31
151.36,Female,69.84
151.17,Female,50.96
145.15,Female,53.54
189.76,Male,73.07
170.91,Male,100.04
173.93,Male,52.23
156.96,Female,88.35
149.13,Female,58.79
135.55,Female,64.82
164.13,Male,71.2
164.44,Male,71.62
129.95,Female,62.02
158.8,Female,57.34
138.02,Female,74.36
132.94,Female,46.57
165.06,Female,50.39
156.43,Female,68.86
152.3,Male,66.93
168.25,Male,77.09
178.64,Male,59.34
164.61,Male,89.55
185.27,Male,86.34
151.48,Female,57.28
137.08,Female,68.66
128.3,Female,63.39
177.72,Male,58.24
171.95,Male,77.64
168.52,Male,63.01
170.93,Male,77.52
137.01,Female,61.8
136.96,Female,66.82
147.51,Female,55.69
185.28,Male,76.71
131.39,Female,54.74
140.33,Female,55.17
158.66,Male,81.9
173.11,Male,92.5
177.27,Male,69.84
145.63,Female,54.53
153.83,Female,49.44
178.38,Male,63
174.46,Male,39.2
170.32,Male,74.88
161.97,Male,68.99
148.91,Female,40.98
165.45,Female,68.45
161.46,Female,61.19
137.76,Female,82.97
145.63,Male,77.31
170.13,Male,52.95
178.62,Male,89.42
148.37,Female,65.66
142.83,Female,76.49
147.07,Female,46.73
171.38,Male,69.41
166.4,Male,64.04
168.19,Male,63.32
178.28,Male,74.64
135.01,Female,70.58
145.29,Male,60.54
143.46,Female,58.52
131.95,Female,68.01
177.17,Male,99.57
169.36,Male,72.72
171.07,Male,84.36
167.12,Male,87.62
162.07,Male,97.9
159.74,Female,66.36
162.24,Female,52.32
153.68,Female,56.23
183.31,Male,93.18
171.94,Male,87.74
167.89,Male,77.48
176.8,Male,73.81
167.56,Male,71.21
178.43,Male,77.57
148.83,Female,65.2
139.77,Female,62.89
160.5,Male,78.17
182.69,Male,52.7
139.6,Female,43.07
138.05,Female,63.12
148.89,Female,53.18
138.49,Female,53.86
155.09,Female,49.34
178.78,Male,47.85
164.94,Male,100.82
180.19,Male,88.39
144.85,Female,54.64
164.39,Female,57.91
167.36,Male,64.37
168.55,Male,70.26
179.41,Male,71.78
170.41,Male,43.84
141.16,Female,49.27
167.89,Male,65.98
158.14,Male,81.58
168.62,Male,96.75
179.49,Male,88.46
168.88,Male,74.09
164.54,Male,94.83
158.32,Female,61.73
152.11,Female,74.35
145.06,Female,57.81
132.34,Female,62.1
165.12,Male,71.28
156.46,Male,80.07
165.38,Female,77.63
183.45,Female,41.48
147.79,Female,71.53
129.37,Female,48.94
178.6,Male,81.19
179.35,Male,85.38
137.87,Female,56.96
131.37,Female,53.39
166.31,Female,64.72
148.83,Female,48.25
159.57,Female,67.11
165.87,Male,38.47
155.4,Male,72.91
175.57,Male,95.11
149.07,Male,89.64
169.15,Female,60.14
164.52,Female,68.49
157.39,Female,43.13
182.04,Male,76.31
171.58,Male,63.89
152.16,Female,72.59
135.1,Female,53.83
142.13,Female,53.33
155.4,Female,56.58
178.95,Male,103.14
169.83,Male,91.84
175.77,Male,59.8
149.79,Female,57.99
162.65,Female,71.9
149.72,Female,67.36
174.59,Male,60.11
160.15,Male,72.71
157.54,Male,49.73
177.98,Male,80.79
166.71,Male,72.02
165.14,Male,86.62
149.26,Female,88.15
155.42,Female,60.01
150.2,Female,66.95
163.08,Female,72.41
171.12,Male,70.76
156.12,Female,42.67
193.06,Male,42.11
161.03,Male,58.15
157.57,Male,66.52
163.5,Female,37.84
138.21,Female,63.31
156.25,Female,70.75
141.4,Female,49.96
157.67,Male,69.14
154.06,Male,98.67
189.54,Male,69.71
152.28,Male,71.21
178.1,Male,73.74
188.96,Male,90.96
156.8,Female,57.77
151.63,Female,62.21
175.45,Male,50.52
196.11,Male,63.62
173.26,Male,65.76
182.25,Male,89.12
185.28,Male,86.39
154.64,Female,77
162.12,Female,67.76
136.01,Female,53.12
177.55,Male,54.27
140.62,Female,66.88
158.53,Female,73.55
173.46,Male,53.29
157.65,Female,60.89
147.25,Female,53.27
141.31,Female,65.74
179.53,Male,79.24
162.25,Male,87.46
171.9,Male,88.18
149.29,Female,61.14
149.6,Female,50.84
159.68,Female,80.48
151.01,Female,50.81
174.17,Male,102.25
167.32,Male,99.06
134.6,Female,74.57
148.31,Female,67.79
141.87,Female,76.93
159.5,Female,85.03
148.37,Female,62.08
161.83,Male,79.84
171,Male,52.49
149.52,Female,67.54
155.06,Female,70.51
135.5,Female,71.46
135.8,Female,56.39
182.86,Male,76.27
178.14,Male,80.12
171.77,Male,93.97
148.75,Female,43.26
136.51,Female,55.15
131.43,Female,62.21
180.85,Male,63.26
151.63,Female,59.88
154.42,Female,75.35
133.28,Female,57.54
169.34,Male,69.36
165.69,Male,82.91
172.72,Male,88.53
170.44,Male,50.36
170.81,Male,41.76
166.55,Male,65.14
155.8,Female,74.14
151.05,Female,92.23
142.53,Female,53.32
155.3,Female,44.99
154.55,Female,55.49
173,Male,71.54
175.51,Male,51.4
172.35,Male,67.7
167.55,Male,56.36
161.23,Female,52.3
140.62,Female,50.26
142.37,Female,84.38
168.09,Male,61.37
156.23,Male,85.74
140.52,Female,66.78
138.45,Female,85.12
164.43,Female,54.9
143.33,Female,65.87
145.96,Female,52.52
153.83,Female,68.44
139.27,Female,59.27
151.55,Female,82.1
173.22,Male,67.86
169.5,Male,83.96
176.44,Male,75.41
163.37,Female,58.71
147.27,Female,73.64
142.66,Female,45.85
156.21,Female,40.6
144.44,Female,64.88
178.09,Male,93.11
186.9,Male,81.29
155.25,Female,87.8
145.85,Female,67.64
141.14,Female,75.46
150.34,Female,48.77
158.38,Male,73.41
151.56,Female,75.46
147.34,Female,63.06
144.29,Female,59.55
151.1,Female,39.99
188.86,Male,49.85
147.3,Female,53.61
158.1,Male,75.6
187.53,Male,85.84
155.62,Male,76.82
176.48,Male,64.8
153.65,Female,62.93
171.35,Female,85.59
180.6,Male,99.77
144.87,Female,82.94
137.33,Female,40.81
175.78,Male,57.71
164.57,Male,59.26
162.94,Male,94.85
165.06,Male,51.41
164.72,Male,78.83
140.45,Female,43.77
154.23,Female,68.98
155.02,Female,79.61
167.32,Male,78.06
163.14,Male,69.95
142.24,Female,63.34
170.91,Female,80.03
165.61,Male,94.66
162.55,Male,73.56
166.32,Male,103.17
146.83,Female,46.41
166.39,Female,62.47
151.97,Female,46.15
142.25,Female,66.03
135.55,Female,75.2
145.13,Female,58.15
141.76,Female,63.19
146.26,Female,75.2
134.11,Female,62.53
159.7,Female,53.67
180.67,Male,98.65
163.02,Male,53.42
165.25,Male,76.28
191.6,Male,25.9
159.04,Male,45.79
201.68,Male,62.71
171.82,Male,79.04
167.47,Male,55.73
158.62,Female,72.68
158.88,Female,58.94
128.9,Female,60.13
162.22,Male,66.22
171.04,Male,71.29
162.81,Male,68.77
162.92,Female,68.5
167.78,Female,43.55
156.01,Female,55.11
151.38,Male,55.22
164.77,Male,89.64
162.11,Male,58.97
170,Male,68.09
179.56,Male,36.84
144.14,Female,55.14
145.57,Female,55.44
154.79,Female,43.48
137.64,Female,71.28
144.42,Female,73.92
167.61,Male,93.11
170.09,Male,73.57
178.82,Male,73.48
148.03,Female,80.56
137.39,Female,70.45
157.6,Male,97.07
166.93,Male,92.63
175.43,Male,62.63
147.51,Female,77.15
194.9,Male,85.58
185.74,Male,80.72
171.88,Male,104.68
171.52,Male,88.18
175.84,Male,64.61
142.82,Female,73.05
143.76,Female,41.2
169.48,Male,85.05
171.22,Male,86.87
135.27,Female,50.01
143.44,Female,77.64
137.22,Female,72.57
145.59,Female,72.69
137.34,Female,65.37
145.79,Female,485
173.89,Male,73.54
184.25,Male,67.23
158.17,Male,67.14
153.66,Female,62.65
156.71,Male,53.83
148.26,Male,99.44
164,Male,25.59
181.7,Male,53.48
169.77,Male,66.7
151.66,Female,73.93
159.92,Female,64.34
139.38,Female,43.42
125.66,Female,41.1
154.02,Female,62.68
153.19,Male,93.04
162.63,Male,57.46
170.42,Male,55
173.12,Male,59.02
151.32,Female,68.68
157.64,Female,66.96
160.2,Female,56.64
175.28,Male,69.16
161.33,Male,89.77
168.55,Female,51.02
140.38,Female,72.03
164.7,Female,57.95
133.82,Female,59.25
164.88,Male,96.84
166.15,Male,73.02
145.05,Female,52.11
150.47,Female,49.8
154.71,Female,71.66
177.25,Male,70.7
179.06,Male,69.35
187.79,Male,62.8
159.79,Female,78.78
171.36,Male,77.91
172.03,Male,43.83
153.9,Female,58.39
149.64,Female,60.07
160.18,Male,54.73
65.8,Male,70.86
150.77,Female,65.7
149.9,Male,73.31
153.51,Male,66.41
190.24,Male,88.21
160.95,Male,115.13
161.04,Female,56.25
169.57,Male,53.31
171.44,Female,54.65
161.17,Female,73.61
149.69,Female,45.32
143.43,Female,77.2
171.58,Male,75.64
177.33,Male,111.45
161.71,Female,55.76
162.77,Female,59.37
165.54,Male,67.11
176.67,Male,106.64
142.82,Female,40.88
154.62,Female,63.13
153.1,Female,61.88
177.73,Male,67.7
141.48,Female,35.17
182.6,Male,75.62
179,Male,79.02
161.36,Male,69.38
147.63,Female,68.53
139.84,Female,56.88
149.21,Female,42.02
130.58,Female,39.73
161.37,Female,41.95
134.17,Female,50.11
125.41,Female,78.22
178.88,Male,69.79
144.04,Female,50.87
169.61,Male,61.47
168.28,Male,55.07
158.17,Female,62.37
158.78,Male,87.74
167.45,Male,74.09
157.49,Male,78.29
174.73,Male,77.3
169.34,Male,47.52
170.98,Male,41.98
174.27,Male,74.9
156.78,Male,95.98
156.81,Female,49.08
134.31,Female,79.76
184.97,Male,75.04
166.12,Male,72.14
168.43,Male,96.4
129.95,Female,64.12
156.96,Female,65.59
169.66,Male,72.27
155.23,Female,69.47
154.94,Female,73.28
146.8,Female,97.19
148.58,Female,60.94
157.52,Female,65.39
159.2,Female,73.3
164.44,Male,63.33
190.4,Male,64.54
162.18,Male,90.36
178.45,Male,91.83
183.14,Male,56.73
133.77,Female,60.12
162.11,Female,65.87
172.92,Male,64.45
161.87,Male,90.31
150.51,Female,56.63
139.31,Female,63.84
179.87,Male,70.35
174.15,Male,54.58
167.17,Male,78.57
173.96,Male,67.85
177.69,Male,8.53
145.17,Female,55.25
146.51,Female,55.76
165.82,Male,44.16
165.35,Female,57.76
159.11,Female,72.39
156.03,Male,79.19
157.93,Female,43.29
171.84,Female,64.56
176.54,Male,91.71
182.08,Male,84.92
182.13,Male,74.19
140.57,Female,75.91
151.26,Female,47.44
181.46,Male,72
182.07,Male,92.97
175.87,Female,82.03
143.21,Female,53.6
123.01,Female,40.55
132.34,Female,61.38
147.21,Female,69.67
165.64,Male,74
173.55,Male,71.11
175.85,Male,54.61
154.37,Male,80.76
159.27,Male,75.04
166.14,Male,76.14
161.03,Female,54.43
164.91,Female,64.94
149.19,Female,53.17
160.31,Female,59.77
178.36,Male,65.5
164.21,Male,82.78
169.82,Male,78.2
133.91,Female,69.58
147.2,Female,51.42
162.74,Female,48.24
152.89,Female,65.97
140.33,Female,59.67
150.45,Female,66.36
136.3,Female,76.74
182.76,Female,64.3
167.2,Male,76.72
162.41,Male,71.65
162.74,Male,71.61
150.03,Female,72.18
179.98,Male,54.69
175.96,Male,67.06
154.7,Male,56.52
167.71,Male,67.4
163.43,Male,75.8
170.2,Male,76.61
133.15,Female,76.96
147.22,Female,67.79
163.16,Female,52.76
173.82,Female,43.39
139.34,Female,58.23
150.13,Female,59.64
167.16,Male,58.73
164.2,Male,89.87
178.19,Male,81.54
161.88,Female,58.92
149.51,Female,44.5
160.42,Female,72.48
158.65,Male,66.36
178.89,Male,80.45
162.97,Male,68.25
176.61,Male,54.17
179.06,Male,79.68
172.7,Male,66.75
174.21,Male,73.67
164.47,Male,83.06
161.59,Female,61.75
151.22,Female,64.72
137.55,Female,60.38
145.83,Female,50.93
178.35,Male,53.49
170.34,Male,41
161.35,Male,58.95
130.47,Female,69.53
167.52,Female,67.25
176.15,Male,91.66
180.51,Male,70.24
150.79,Female,57.52
159.79,Female,60.26
154.36,Male,93.29
160.8,Male,88.08
161.69,Male,80.92
157.24,Male,90.31
171.33,Male,63.09
148.66,Female,79.58
157.21,Female,73.77
158.41,Female,56.41
143.54,Female,63.09
137.9,Female,54.3
159.51,Female,56.81
185.56,Male,69.82
166.04,Male,69.78
155.72,Female,58.36
166.51,Female,58.32
132.88,Female,80.07
130.99,Female,82.67
149.17,Female,56.44
148.27,Female,74.45
163.55,Male,83.33
167.63,Male,69.5
179.24,Male,68.33
170.66,Male,65.07
171.38,Male,56.95
145.22,Female,46.15
135.23,Female,65.19
145.27,Female,54.57
127.77,Female,50.4
187.13,Male,52.4
173.69,Male,76.54
163.53,Male,57.3
152.35,Male,65.55
167.56,Male,110.79
183.19,Male,96.57
137.9,Female,67.28
145.56,Female,51.99
174.56,Female,70.31
161.06,Female,53.96
155.13,Female,68.78
152.85,Female,54.75
152.19,Female,56.79
173.38,Male,93.71
166.25,Male,76.15
182.59,Male,49.65
147.76,Female,68.74
133.57,Female,55.3
168.86,Male,70.45
169.55,Male,68.11
157.98,Male,82.84
181.59,Male,98.41
170.21,Male,60.88
142.54,Female,74.82
166.64,Female,68.77
145.38,Female,93.04
149.68,Female,69.46
155.18,Female,56.27
147.4,Female,49.25
151.13,Female,67.52
170.04,Male,88.08
185.34,Male,86.72
156.23,Male,64
168.71,Male,54.57
179.18,Male,81.96
155.24,Female,66.71
143.47,Female,70.61
166.45,Female,66.08
142.21,Female,50.24
146.44,Female,53.28
143.07,Female,56.89
179.8,Male,70.73
173.15,Male,65.88
162.08,Male,70.18
148.05,Female,82.05
150.69,Female,44.81
140.83,Female,67.83
141.52,Female,51.96
183.92,Male,75.7
153.12,Female,53.03
172.83,Male,72.81
160.47,Male,92.82
130.47,Female,53.51
153.56,Female,42.89
124.93,Female,87.03
141.66,Female,62.73
174.54,Male,50.55
148.35,Female,63.91
150.08,Female,65.92
155.63,Male,48.89
163.97,Female,57.18
160.38,Female,77.49
145.01,Female,66.28
162.43,Female,80.49
137.97,Female,63.67
145.89,Female,80.52
180.38,Male,52.64
145.05,Male,66.65
190.41,Male,90.25
154.37,Female,73.72
150.07,Female,60.31
138.9,Female,71.77
168.03,Male,90.04
170.24,Male,80.65
167.49,Male,69.19
168.58,Male,54.72
179.05,Male,66.42
172.03,Male,80.42
176.59,Male,72.05
165.14,Female,57.87
147.23,Female,63.7
173.56,Male,73.2
193.28,Male,82.5
174.55,Male,67.31
141.7,Female,46.64
158.56,Female,61.1
152.4,Female,37.26
157.92,Female,64.36
166.67,Male,48.03
177.47,Male,98.54
169.32,Male,90.45
134.83,Female,68.27
143.62,Female,62.91
162.01,Male,66.45
167.34,Male,61.63
150.25,Female,86.49
166.74,Female,70.41
155.93,Male,68.56
152.98,Female,51.93
164.73,Female,44.72
148.54,Female,55.62
176.22,Female,72.14
178.35,Male,57.68
171.54,Male,72.37
171.94,Male,81.86
150.81,Female,24.57
134.01,Female,34.21
119.34,Female,55.83
156.14,Female,31.39
126.4,Female,75.09
176.38,Male,67.44
176.95,Male,63.66
139.08,Female,62.56
140.72,Female,48.6
155.85,Female,60.11
136.54,Female,49.96
151.85,Male,63.28
181.89,Male,89.08
183.47,Male,84.43
158.16,Male,102.04
150.62,Female,92.91
151.78,Female,48.93
167.03,Male,89.34
147.52,Female,62.7
157.38,Female,54.86
183.48,Male,77.01
183.61,Male,85.87
154.05,Male,91.01
158.74,Female,75.16
144.26,Female,50.34
152.49,Female,40.3
163.95,Female,73.62
178.97,Male,73.16
152.01,Male,72.02
166.03,Male,100.28
166.75,Male,85.73
169.63,Male,66.27
179.32,Male,95.28
147.79,Female,55.48
168,Male,46.45
176.07,Male,55.8
154.85,Female,66.26
145.32,Female,83.69
154.8,Female,42.44
136.57,Female,55.27
176.88,Male,76.43
137.71,Female,67.82
165.35,Female,56.45
130.76,Female,59.97
146.42,Female,76.25
153.52,Female,69.57
170.95,Male,66.37
175.94,Male,76.27
168.62,Male,88.93
151.78,Female,70.7
139.88,Female,50.47
156.62,Male,86.86
150.34,Male,83.63
159.5,Female,53.37
167.84,Female,67.84
162.51,Male,64.87
171.46,Male,89.4
162.9,Female,56.46
151.81,Female,50.08
142.98,Female,61.67
167.87,Female,52.88
139.13,Female,67.6
174.42,Female,44.91
150.01,Female,53.48
154.18,Female,64.59
179.03,Male,58.24
155.27,Male,56.57
162.3,Female,52.12
172.27,Male,80.59
175.79,Male,71.99
145.63,Female,67.91
148.96,Female,80.21
141.22,Female,83.79
147.54,Female,64.61
143.92,Female,55.65
173.6,Male,81.7
141.29,Male,51.61
184.21,Male,90.21
169.65,Male,70.62
171.15,Male,62.33
153.27,Female,85.02
160.03,Male,67.01
148.76,Male,101.64
172.65,Male,79.71
127.82,Female,56.02
159.74,Female,53.51
160.29,Female,63.48
166.16,Female,73.32
160.52,Male,91.49
173.16,Male,86.22
169.89,Male,97.34
181.57,Male,71.67
189.61,Male,55.04
170.95,Male,96.34
166.31,Male,72.28
163.82,Female,67.17
139.58,Female,72.78
161.15,Male,68.59
158.18,Male,66.24
143.22,Female,76.3
141.04,Female,75.17
160.71,Female,92.59
128.28,Female,57.88
141.22,Female,39.56
161.33,Female,82.71
158.38,Male,92.29
160.56,Male,76.94
158.71,Male,76.64
172.54,Male,64.66
179.69,Male,77.05
162.62,Male,68.61
158.53,Female,57.53
144.74,Female,52.28
161.33,Female,74.64
121.77,Female,72.93
172.84,Male,45.13
163.57,Male,99.45
169.91,Male,85.81
165.17,Female,61.73
157.9,Female,72.49
166.4,Male,86.8
149.18,Female,52.37
157.42,Female,68.6
149.25,Female,69.32
136.55,Female,56.55
153.65,Female,68.04
129.43,Female,80.96
155.94,Female,56.45
139.71,Female,78
154.39,Female,84.92
177.92,Male,86.59
166.95,Male,113.09
158.41,Male,56.87
164.6,Male,52.15
156.14,Female,54.86
141.74,Female,68.18
183.67,Male,73.92
151.2,Male,64.45
162.86,Male,74.08
136.53,Female,60.39
157.44,Female,84.59
138.41,Female,70.69
151.97,Female,82.26
146.49,Female,63.73
142.71,Female,71.76
173.93,Male,50
178.33,Male,72.97
176.93,Male,98.45
168.76,Male,89.31
164.18,Male,73.52
180.18,Male,72.05
135.94,Female,84.21
152.23,Female,55.84
157.68,Female,63.31
146.79,Female,79.73
151.64,Female,64.65
139.07,Female,82.57
154.7,Male,80.9
164.6,Male,79.31
135.39,Female,54.46
167.69,Female,62.63
162.38,Female,60.54
159.01,Female,50.52
159.67,Male,100.77
171.59,Male,67.66
174.78,Female,50.3
145.51,Female,67.14
170.73,Male,51.21
157.02,Male,78.84
142.86,Female,50.8
160.39,Female,67.49
155.12,Male,103.23
173.97,Male,68.51
184.53,Male,58.12
164.93,Male,104.16
174.57,Male,91.64
157.71,Male,89.31
174.73,Male,49.72
157.95,Female,48.2
167.97,Female,63.86
162.09,Female,53.62
129,Female,71.79
171.24,Male,76.63
166.24,Male,59.83
159.71,Male,65.01
174.54,Male,78.03
159.67,Male,67.67
142.06,Female,69.08
155,Female,68.31
165.44,Female,57.85
171.58,Female,50.81
164.15,Male,71.78
173.35,Male,83.78
144.98,Female,78.85
150,Female,65.12
141.16,Female,59.95
176.06,Male,86.96
162.91,Male,68.76
179.9,Male,43.86
141.67,Female,61.01
150.35,Female,67.09
154.65,Female,59.89
172.83,Male,85.28
173.43,Male,77.42
125.97,Female,73.6
183.04,Male,80.55
165.39,Male,68.36
173.13,Male,80.99
159.88,Male,73.67
142.74,Female,49.87
155.45,Male,54.38
175.97,Male,65.09
172.04,Male,76.5
161.08,Male,50.28
174.51,Male,95.35
179.44,Male,81.91
137.09,Female,44.96
146.12,Female,73.9
157.31,Male,66.85
165.32,Male,85.36
133.94,Female,62.49
134.44,Female,38.82
160.32,Female,71.95
175.84,Female,67.51
170.55,Male,86.85
181.18,Male,85.73
180.85,Male,104.23
162.5,Male,59.96
178.35,Male,83.55
163.57,Female,63.72
170.15,Female,56.24
182.37,Male,72.29
173.26,Male,84.82
157.62,Female,62.47
155.93,Female,61.99
126.3,Female,50.74
169.98,Male,87.06
175.5,Male,74.45
158.9,Male,68.57
181.02,Male,60.57
147.2,Female,63.12
129.45,Female,81.4
151.35,Female,63.48
160.17,Female,63.71
174.49,Male,90.13
175.77,Male,64.08
143.45,Female,52.97
184.28,Male,66.52
132.83,Female,60.44
135.17,Female,53.93
166.05,Female,59.88
164.05,Male,74.37
171.88,Male,64.77
146.88,Female,51.03
125.27,Female,68.46
173.37,Male,90.61
159.61,Female,57.16
153.32,Female,79.31
144.79,Female,36.58
171.4,Male,69.68
150.77,Male,61.25
153.47,Female,37.87
152.18,Female,59.06
156.47,Male,49.67
172.32,Male,86.97
136.54,Female,72.59
156,Female,58.08
175.92,Male,71.58
181.04,Male,70.69
187.17,Male,72.98
184.83,Male,83.24
164.02,Male,97.37
160.83,Male,75.76
173.75,Male,65.55
173.37,Male,57.74
174.73,Male,63.65
148.46,Female,67.49
168.31,Male,73.28
158.24,Female,50.72
157.23,Female,52.77
147.16,Female,68.7
163.85,Male,60.93
199.86,Male,87.05
143.84,Female,48.37
161.71,Female,73.45
171.57,Male,74.15
184.5,Male,74.68
171.57,Male,62.07
170.8,Male,69.52
172.45,Male,69.2
162.64,Male,100.84
185.51,Male,52.75
156.19,Male,73.49
163.38,Female,58.77
145.86,Female,45.28
167.53,Male,78.13
189.87,Male,63.78
177.39,Male,40.28
162.47,Female,60.1
141.67,Female,70.76
144.98,Female,58.31
147.65,Female,58.13
190.69,Male,96.4
169.11,Male,54.89
177.48,Male,85.77
165.76,Male,78.33
155.81,Female,70.71
168.74,Female,73.59
162.06,Female,58.12
138.2,Female,69.12
150.07,Female,46.46
129.39,Female,73.66
160.04,Male,70.59
180.22,Male,66.11
126.48,Female,63.22
137.95,Female,45.8
176.19,Male,41.23
170.86,Male,77.31
149.58,Female,66.27
149.04,Female,49.29
169.33,Male,61.61
158.5,Male,65.71
149.61,Female,66.96
177.6,Male,76.2
182.78,Male,81.95
182.61,Male,72.38
201.43,Male,89.82
153.6,Female,70.02
139.57,Female,70.44
143.72,Female,49.41
139.93,Female,62.31
142.22,Female,59.65
155.18,Female,62.14
150.57,Female,57.14
181.84,Male,67.72
177.8,Male,34.73
179.76,Male,85.41
162.52,Female,46.48
147.06,Female,62.49
153.71,Female,59.21
142.06,Female,71.74
164.13,Male,72.56
172.51,Male,71.38
167.41,Male,107
153.12,Female,62.23
152.8,Female,57.87
155.33,Female,53.79
166.81,Female,83.14
135.77,Female,48.99
146.04,Female,53.72
153.93,Female,56.54
151.92,Female,81.95
172.14,Male,63.91
173.58,Male,89.19
169.6,Male,97.5
191.48,Male,62.19
155.85,Male,100.92
168.54,Male,90.72
177.16,Male,99.55
170.22,Male,78.24
160.22,Female,52.09
158.59,Female,72.73
142.59,Female,60.14
171.45,Male,73.64
180.55,Male,92.92
150.42,Female,62.66
158.32,Female,75.66
189.43,Female,59.06
181.79,Male,35.47
183.81,Male,60.28
163.14,Male,91.7
160.41,Male,77.99
188.1,Male,61.91
156.22,Male,74.67
178.34,Male,78.26
140.84,Female,45.2
155.48,Female,69.44
169.83,Male,76.46
147.17,Male,50.37
170.55,Male,72.24
179.66,Male,81.02
128.6,Female,38.92
130.31,Female,79.14
155.32,Female,64.58
146.73,Female,71.18
150.32,Female,58.45
167.75,Male,96
164.15,Male,71.03
178.52,Male,63.13
181.41,Male,88.05
183.07,Male,44.58
149.2,Female,57.44
169.48,Female,48.83
147.86,Female,63.9
160.28,Female,73.09
152.67,Female,67.7
134.26,Female,78.99
162.76,Male,62.14
138.77,Female,68.58
143.48,Female,61.89
154.93,Female,69.95
169.68,Female,59.65
169.09,Male,64.55
185.68,Male,78.25
180.83,Male,88.58
164.64,Female,51.21
159.12,Female,49.09
169.21,Male,70.76
174.04,Male,77.23
186.64,Male,92.33
171.64,Male,98.86
177.3,Male,83.42
178.63,Male,72.33
159.88,Female,67.46
145.71,Female,71.34
152.7,Female,71.47
142.08,Female,66.39
166.21,Male,94.03
162.12,Male,57.05
167.97,Male,117.99
177.4,Male,74.85
151.52,Male,112.26
152.34,Male,89.31
168.42,Male,71.03
157.24,Male,50.57
150.31,Female,58.02
158.86,Female,70.53
152.18,Female,56.75
159.76,Female,50.14
168.3,Female,75.95
184.73,Male,80.21
172.27,Male,62.98
156.96,Male,45.51
135.42,Female,64.25
148.56,Female,61.13
170.69,Male,76.09
176.34,Male,83.36
166.67,Male,52.95
149.18,Female,44.33
120.8,Female,68.32
143.22,Female,54.04
165.45,Male,71.84
177.52,Male,85.98
158.46,Male,65.47
178.61,Male,70.55
161.48,Female,58.29
161.8,Female,51.32
141.98,Female,71.51
175.43,Male,86.07
165.98,Male,85.82
179.95,Male,114.66
141.02,Female,44.9
159.94,Female,39.74
145.4,Female,65.34
154.1,Female,63.4
146.88,Female,68.74
180.94,Male,67.86
139.91,Female,63.12
151.58,Female,61.55
134.88,Female,58.13
169.7,Female,59.92
143.37,Female,62.85
155.39,Female,58.54
177.03,Male,80.75
158.11,Male,63.5
159.38,Male,71.62
147.17,Female,52.04
150.22,Female,70.06
169.15,Female,74.55
138.73,Female,77.14
149.13,Female,58.33
156.32,Female,71.08
153.59,Female,58.09
148.94,Female,68.53
160.67,Male,80.7
178.09,Male,81.46
166.23,Male,80.89
163.97,Male,87.43
163.3,Male,80.41
161.67,Female,67.7
147.06,Female,86.08
165.19,Female,55.64
167.94,Male,54.95
172.8,Male,72.34
171.44,Male,81.31
170.52,Male,65.59
163.31,Male,82.1
157.34,Female,76.09
166.47,Male,47.69
155.05,Female,80.36
148.41,Female,57.79
158.99,Female,64.42
129.28,Female,43.93
184.01,Male,75.74
171.01,Male,93.85
153.2,Female,57.93
138.14,Female,75.38
145.72,Female,68.72
174.04,Male,65.64
162.42,Male,50.88
176.85,Male,77.62
158.66,Female,57.77
136.16,Female,47.83
147.61,Female,58.13
168,Female,72.62
168.77,Male,56.64
178.42,Male,80.35
183.5,Male,46.86
171.97,Male,92.32
161.67,Male,102.05
159.58,Male,78.43
141.11,Female,64.45
172.58,Female,74.29
154.74,Female,63.43
171.75,Male,71.82
169.54,Male,81.55
176.37,Male,58.79
175.22,Male,81.25
173.18,Male,95.35
178.01,Male,68.02
168.74,Male,100.77
140.69,Female,71.73
176.53,Male,87.85
164.33,Male,103.08
165.11,Female,44.91
151.49,Female,49.55
163.31,Female,56.25
178.5,Male,28.41
154.56,Male,72.63
174.48,Male,72.16
177.39,Male,51.77
157.57,Male,92.53
162.46,Male,50.34
170.21,Male,52.61
149.08,Female,53.05
149.01,Female,40.94
176.04,Female,77.27
157.11,Male,58.97
163.87,Male,70.39
160.44,Female,64.33
145.59,Female,50.32
148.01,Female,75.94
159.46,Female,56.97
171.89,Male,63.45
171.54,Male,63.22
173.39,Male,77.24
165.6,Male,93.66
195.06,Male,61.39
148.6,Female,37.07
136.76,Female,75.62
148.44,Female,70.39
140.3,Female,54.89
169.39,Male,72.37
176.7,Male,107.82
165.05,Male,83.54
138.93,Female,32.98
149.64,Female,52.76
151.87,Female,73.36
164.88,Male,71.56
180.65,Male,86.62
167.57,Male,55.88
149.48,Female,60.8
112.6,Female,56.91
157.19,Female,50.16
176.33,Male,97.89
161.04,Female,57.94
176.12,Female,62.9
140.66,Female,66.32
166.56,Male,62.92
183.13,Male,58.46
186.27,Male,50.47
162.21,Male,78.54
157.41,Female,59.09
138.12,Female,67.53
138.66,Female,59.44
146.85,Female,68.51
170.75,Male,59
152.72,Female,50.52
149.08,Female,72.03
138.42,Female,66.55
170.79,Male,52.4
151.23,Female,78.01
146.43,Female,53.91
145.31,Female,66.65
153.97,Female,51.43
164.4,Male,67.4
167.83,Male,96.66
183.48,Male,69.07
176.9,Male,73.09
165.64,Female,63.64
149.6,Female,66.08
139.14,Female,72.94
168.1,Male,95.12
156.65,Female,39.17
174.23,Male,73.35
167.6,Male,117.97
137.78,Female,72.84
179.06,Male,56.53
147.78,Female,76.09
139.36,Female,59.91
155.53,Female,60.62
160.88,Male,92.97
173.32,Male,78.69
174.43,Male,83.66
169.48,Male,101.87
173.62,Male,45
164.68,Male,86.33
127.08,Female,71.84
164.4,Male,54.55
181.75,Male,78.77
165.99,Male,52.71
176.72,Male,87.76
171.92,Male,55.78
162.48,Female,53.7
175.74,Male,45.02
186.68,Male,74.89
175.23,Male,96.23
167.06,Male,65.77
174.16,Male,71.42
155.45,Male,88.55
155,Female,66.4
166.02,Female,57.23
147.83,Female,90.71
184.12,Male,81.94
180.95,Male,75.16
173.63,Male,83.76
159.42,Female,73.89
135.96,Female,80.92
149.68,Female,84.6
147.62,Female,46.63
152.88,Female,67.69
192.61,Male,92
157.76,Male,68.59
161.33,Male,77.88
167.62,Male,75.33
170.1,Male,83.31
180.15,Male,86.09
151.96,Female,83.89
131.39,Female,68.11
178.03,Male,50.07
177.78,Male,38.12
174.7,Male,77
139.64,Female,78.61
161.43,Female,77.58
154.97,Female,50.69
148.75,Female,51.79
170.95,Male,100.73
188.43,Male,71.09
139.32,Female,68.79
140.22,Female,64.73
139.23,Female,33.14
155.12,Female,60.5
120.81,Female,73.17
172,Male,50.71
152.9,Female,68.13
143.14,Female,65.42
171.71,Female,37.68
189.09,Male,71.61
151.1,Female,54.43
157.61,Female,51.74
150.53,Female,66.24
177.49,Male,61.9
147.88,Female,62.07
169.12,Female,57.51
166.14,Male,69.21
154.83,Female,68.02
151.53,Female,77.4
164.73,Male,59.96
166.72,Male,89.69
180.72,Male,58.74
153.22,Female,49.79
152.68,Female,56.76
133.68,Female,62.67
129.44,Female,75.16
163.54,Female,70.92
133.8,Female,48.81
147.69,Female,67.77
168.8,Male,86.93
168.35,Male,70.85
154.36,Female,63.51
138.18,Female,56.58
154.37,Female,53.74
177.44,Male,81.28
173.58,Male,83.58
150.93,Male,50.51
170.98,Male,81.95
137.58,Female,55.34
177.32,Male,86.52
143.46,Female,71.48
164.82,Female,38.68
151.96,Female,48.35
153.71,Female,71.63
167.92,Male,72.89
179.5,Male,82.53
149.41,Female,50.36
171.39,Female,42.26
155.17,Female,60.92
179.27,Male,64.73
180.41,Male,83.92
134.95,Female,76.9
172.46,Male,92.7
168.88,Male,75.05
176.6,Male,49.96
144.82,Female,65.97
162.4,Female,45.28
188.23,Male,85.81
150.83,Female,49.66
157.09,Female,64.34
162.99,Female,45.58
154.76,Female,48.92
185.08,Male,82.74
